date,category,amount,note
2025-09-01,Groceries,1200,Big Bazar
2025-09-02,Transport,60,Auto
2025-09-03,Food,250,Lunch
2025-09-05,Entertainment,399,Netflix
2025-09-10,Groceries,900,Weekly
2025-09-01,Groceries,1200,Big Bazar
2025-09-02,Transport,60,Auto
2025-09-03,Food,250,Lunch
2025-09-05,Entertainment,399,Netflix
2025-09-10,Groceries,900,Weekly
2025-09-01,Groceries,1200,Big Bazar
2025-09-02,Transport,60,Auto
2025-09-03,Food,250,Lunch
2025-09-05,Entertainment,399,Netflix
2025-09-10,Groceries,900,Weekly
