date,category,amount,note
2025-01-01,Food,120,Breakfast
2025-01-01,Travel,60,Bus ticket
2025-01-02,Food,250,Lunch
2025-01-02,Shopping,900,Clothes
2025-01-03,Rent,5000,Room rent
2025-01-03,Food,180,Dinner
2025-01-04,Travel,150,Auto
2025-01-04,Food,90,Tea snacks
2025-01-05,Shopping,300,Groceries
2025-01-05,Other,200,Mobile recharge
2025-01-06,Food,220,Lunch
2025-01-06,Travel,80,Bus
2025-01-07,Food,140,Breakfast
2025-01-07,Shopping,1200,Shoes
2025-01-08,Other,500,Electricity bill
2025-01-08,Food,260,Dinner
2025-01-09,Travel,100,Metro
2025-01-09,Food,180,Lunch
2025-01-10,Shopping,450,Stationery
2025-01-10,Other,300,Internet bill
2025-01-11,Food,130,Breakfast
2025-01-11,Travel,70,Bus
2025-01-12,Food,240,Lunch
2025-01-12,Shopping,650,Groceries
2025-01-13,Rent,5000,Room rent
2025-01-13,Food,200,Dinner
2025-01-14,Travel,120,Auto
2025-01-14,Food,100,Snacks
2025-01-15,Shopping,800,Clothes
2025-01-15,Other,150,Recharge
2025-01-16,Food,210,Lunch
2025-01-16,Travel,90,Bus
2025-01-17,Food,160,Breakfast
2025-01-17,Shopping,1100,Watch
2025-01-18,Other,400,Electric bill
2025-01-18,Food,230,Dinner
2025-01-19,Travel,130,Metro
2025-01-19,Food,190,Lunch
2025-01-20,Shopping,500,Groceries
2025-01-20,Other,250,Internet
2025-01-21,Food,140,Breakfast
2025-01-21,Travel,85,Bus
2025-01-22,Food,260,Lunch
2025-01-22,Shopping,700,Groceries
2025-01-23,Rent,5000,Room rent
2025-01-23,Food,210,Dinner
2025-01-24,Travel,110,Auto
2025-01-24,Food,95,Snacks
2025-01-25,Shopping,950,Clothes
2025-01-25,Other,180,Recharge
2025-01-26,Food,225,Lunch
2025-01-26,Travel,75,Bus
2025-01-27,Food,155,Breakfast
2025-01-27,Shopping,1300,Bag
2025-01-28,Other,420,Electric bill
2025-01-28,Food,245,Dinner
2025-01-29,Travel,140,Metro
2025-01-29,Food,200,Lunch
2025-01-30,Shopping,520,Groceries
2025-01-30,Other,270,Internet
2025-01-31,Food,150,Breakfast
2025-02-01,Travel,90,Bus
2025-02-01,Food,260,Lunch
2025-02-02,Shopping,680,Groceries
2025-02-02,Other,300,Recharge
2025-02-03,Food,170,Breakfast
2025-02-03,Travel,120,Auto
2025-02-04,Food,240,Lunch
2025-02-04,Shopping,900,Shoes
2025-02-05,Other,500,Electric bill
2025-02-05,Food,260,Dinner
2025-02-06,Travel,100,Metro
2025-02-06,Food,190,Lunch
2025-02-07,Shopping,450,Groceries
2025-02-07,Other,220,Internet
2025-02-08,Food,160,Breakfast
2025-02-08,Travel,80,Bus
2025-02-09,Food,250,Lunch
2025-02-09,Shopping,750,Groceries
2025-02-10,Other,300,Recharge
